{
  "София": [
    42.6977,
    23.3219
  ],
  "Пловдив": [
    42.1354,
    24.7453
  ],
  "Варна": [
    43.2141,
    27.9147
  ],
  "Бургас": [
    42.5048,
    27.4626
  ],
  "Русе": [
    43.8356,
    25.9657
  ],
  "Стара Загора": [
    42.4258,
    25.6345
  ],
  "Плевен": [
    43.417,
    24.6067
  ],
  "Сливен": [
    42.6817,
    26.3229
  ],
  "Добрич": [
    43.5726,
    27.8273
  ],
  "Шумен": [
    43.2712,
    26.9361
  ],
  "Перник": [
    42.6052,
    23.0378
  ],
  "Хасково": [
    41.9344,
    25.5554
  ],
  "Ямбол": [
    42.4842,
    26.5035
  ],
  "Пазарджик": [
    42.1928,
    24.3297
  ],
  "Благоевград": [
    42.0206,
    23.0943
  ],
  "Велико Търново": [
    43.0757,
    25.6172
  ],
  "Враца": [
    43.2102,
    23.5529
  ],
  "Габрово": [
    42.8742,
    25.3187
  ],
  "Видин": [
    43.9962,
    22.8679
  ],
  "Асеновград": [
    42.0117,
    24.8775
  ],
  "Казанлък": [
    42.62,
    25.3944
  ],
  "Кюстендил": [
    42.2839,
    22.6906
  ],
  "Кърджали": [
    41.6338,
    25.3777
  ],
  "Димитровград": [
    42.0583,
    25.5903
  ],
  "Ловеч": [
    43.1371,
    24.7142
  ],
  "Монтана": [
    43.4125,
    23.225
  ],
  "Търговище": [
    43.2512,
    26.5721
  ],
  "Разград": [
    43.5254,
    26.5234
  ],
  "Силистра": [
    44.1147,
    27.2671
  ],
  "Смолян": [
    41.5744,
    24.712
  ],
  "Айдемир": [
    44.09725,
    27.16762
  ],
  "Айтос": [
    42.7018865,
    27.2520386
  ],
  "Аксаково": [
    43.2586259,
    27.8173611
  ],
  "Алдомировци": [
    42.8476744,
    22.9892028
  ],
  "Алфатар": [
    43.9440454,
    27.2869625
  ],
  "Антимово": [
    44.0272743,
    22.9423521
  ],
  "Антон": [
    42.7347445,
    24.302594
  ],
  "Антоново": [
    43.1497923,
    26.1616683
  ],
  "Ардино": [
    41.5809659,
    25.1338545
  ],
  "Балчик": [
    43.4049361,
    28.1681094
  ],
  "Баните": [
    41.6164267,
    25.0051984
  ],
  "Банкя": [
    42.7101251,
    23.1464966
  ],
  "Банско": [
    41.8344086,
    23.4841698
  ],
  "Батак": [
    41.9429717,
    24.218337
  ],
  "Бачево": [
    41.9219214,
    23.4527238
  ],
  "Белене": [
    43.6477654,
    25.1258325
  ],
  "Белица": [
    41.9510591,
    23.5592025
  ],
  "Белоградчик": [
    43.6266828,
    22.6861167
  ],
  "Белослав": [
    43.1905492,
    27.7048397
  ],
  "Берковица": [
    43.2373155,
    23.1288525
  ],
  "Бобов дол": [
    42.3662276,
    23.0073636
  ],
  "Бобошево": [
    42.1527179,
    23.0000878
  ],
  "Божурище": [
    42.7637383,
    23.1967627
  ],
  "Божурово": [
    43.70381,
    27.76243
  ],
  "Бойница": [
    43.9797716,
    22.4969732
  ],
  "Бойчиновци": [
    43.4711262,
    23.3324399
  ],
  "Болярово": [
    42.1490851,
    26.811463
  ],
  "Борован": [
    43.446358,
    23.7354316
  ],
  "Борово": [
    43.4883438,
    25.8089088
  ],
  "Ботевград": [
    42.9078544,
    23.7929451
  ],
  "Братя Даскалови": [
    42.2958483,
    25.212775
  ],
  "Братя Кунчеви": [
    42.4981,
    25.85154
  ],
  "Брацигово": [
    42.027104,
    24.368903
  ],
  "Брест": [
    42.4623382,
    22.6046218
  ],
  "Брестник": [
    42.0542981,
    24.76641
  ],
  "Брусарци": [
    43.6630878,
    23.0669229
  ],
  "Бръшляница": [
    43.54523,
    24.73261
  ],
  "Буковлък": [
    43.4457214,
    24.6142886
  ],
  "Бусманци": [
    42.6759007,
    23.4330356
  ],
  "Бяла": [
    43.4593631,
    25.7365619
  ],
  "Бяла Слатина": [
    43.4697446,
    23.9450995
  ],
  "Бяла река": [
    41.4928553,
    24.8165364
  ],
  "Вазово": [
    43.77492,
    26.81533
  ],
  "Велики Преслав": [
    43.16084,
    26.81207
  ],
  "Велинград": [
    42.0283589,
    23.9944408
  ],
  "Венец": [
    42.6407899,
    26.80357
  ],
  "Ветово": [
    43.7042823,
    26.2636455
  ],
  "Ветрен": [
    42.2797101,
    24.0481267
  ],
  "Ветрино": [
    43.3410065,
    27.3861108
  ],
  "Владимировци": [
    43.62523,
    26.86331
  ],
  "Въглен": [
    42.7518486,
    26.2264941
  ],
  "Вълнари": [
    43.5996872,
    27.2185721
  ],
  "Вълчедръм": [
    43.6900754,
    23.4426025
  ],
  "Вълчи дол": [
    43.4071616,
    27.5549924
  ],
  "Върбица": [
    42.9937354,
    26.6698426
  ],
  "Вършец": [
    43.199245,
    23.2893966
  ],
  "Габаре": [
    43.30881,
    23.91391
  ],
  "Генерал Инзово": [
    42.31996,
    26.4343699
  ],
  "Генерал Тошево": [
    43.7001477,
    28.0362083
  ],
  "Главиница": [
    43.9118914,
    26.8342704
  ],
  "Глоджево": [
    43.73436,
    26.38961
  ],
  "Годеч": [
    43.0157976,
    23.0470159
  ],
  "Горна Малина": [
    42.6939963,
    23.7059625
  ],
  "Горна Оряховица": [
    43.1222791,
    25.6887918
  ],
  "Горно Сахране": [
    42.649735,
    25.2171533
  ],
  "Гоце Делчев": [
    41.5733011,
    23.7281082
  ],
  "Градежница": [
    43.020779,
    24.2338677
  ],
  "Градец": [
    44.0298882,
    22.752853
  ],
  "Градина": [
    42.1474353,
    25.2042089
  ],
  "Градинарово": [
    43.1424447,
    27.2806499
  ],
  "Градище": [
    43.0946659,
    25.013982
  ],
  "Граматиково": [
    42.0617711,
    27.6551989
  ],
  "Гулянци": [
    43.6408554,
    24.6944025
  ],
  "Гурково": [
    42.6577054,
    25.7932924
  ],
  "Гълъбово": [
    42.1390164,
    25.867346
  ],
  "Гърмен": [
    41.6744205,
    23.8195096
  ],
  "Две могили": [
    43.59094,
    25.86909
  ],
  "Девин": [
    41.7433556,
    24.3984625
  ],
  "Девня": [
    43.2184213,
    27.5564948
  ],
  "Дерманци": [
    43.1510954,
    24.2814098
  ],
  "Джебел": [
    41.4974456,
    25.3021325
  ],
  "Димово": [
    43.7399243,
    22.7263193
  ],
  "Добринище": [
    41.8210798,
    23.5629827
  ],
  "Добролево": [
    43.49481,
    23.781
  ],
  "Долна Митрополия": [
    43.4672884,
    24.526065
  ],
  "Долна баня": [
    42.3108246,
    23.7645019
  ],
  "Долни чифлик": [
    42.9925676,
    27.7187564
  ],
  "Долно Дряново": [
    41.58692,
    23.89803
  ],
  "Доспат": [
    41.6483558,
    24.1593256
  ],
  "Драгоман": [
    42.9218621,
    22.93018
  ],
  "Друмево": [
    43.13887,
    27.15986
  ],
  "Дулово": [
    43.8213154,
    27.1399325
  ],
  "Дупница": [
    42.2628362,
    23.1143551
  ],
  "Дългопол": [
    43.0526157,
    27.3460079
  ],
  "Дянково": [
    43.62372,
    26.5938
  ],
  "Елена": [
    42.9298896,
    25.8773778
  ],
  "Елешница": [
    41.3685301,
    23.1421201
  ],
  "Елин Пелин": [
    42.6691132,
    23.6021426
  ],
  "Елхово": [
    42.17235,
    26.567632
  ],
  "Завет": [
    43.7591754,
    26.6781225
  ],
  "Зараево": [
    43.43558,
    26.26151
  ],
  "Земен": [
    42.4798619,
    22.7503014
  ],
  "Зимница": [
    43.8647,
    27.61871
  ],
  "Златарица": [
    43.0455003,
    25.8908187
  ],
  "Златоград": [
    41.3809141,
    25.0950002
  ],
  "Зърнево": [
    43.63059,
    27.30937
  ],
  "Ивайловград": [
    41.5258135,
    26.1234902
  ],
  "Иваново": [
    41.5323393,
    23.068433
  ],
  "Изгрев": [
    42.88653,
    26.10856
  ],
  "Искър": [
    43.1140658,
    23.6926354
  ],
  "Исперих": [
    43.7168724,
    26.8301419
  ],
  "Ихтиман": [
    42.4384955,
    23.8143825
  ],
  "Каварна": [
    43.4332836,
    28.3390066
  ],
  "Казичене": [
    42.6615301,
    23.4621214
  ],
  "Кайнарджа": [
    43.9922854,
    27.5076325
  ],
  "Калояновец": [
    42.3099913,
    25.5764726
  ],
  "Калояново": [
    42.6596701,
    26.4625299
  ],
  "Камено": [
    42.5711572,
    27.2910461
  ],
  "Карлово": [
    42.6358156,
    24.8048226
  ],
  "Карнобат": [
    42.6498554,
    26.9823125
  ],
  "Каспичан": [
    43.3141455,
    27.1612625
  ],
  "Кипилово": [
    42.90206,
    26.23516
  ],
  "Кирково": [
    41.341861,
    25.3082204
  ],
  "Китен": [
    42.23584,
    27.77419
  ],
  "Клисура": [
    42.6937241,
    24.4494186
  ],
  "Кнежа": [
    43.4990084,
    24.0745138
  ],
  "Ковачево": [
    41.4989159,
    23.4821738
  ],
  "Ковачевци": [
    42.5376095,
    22.8079188
  ],
  "Козлодуй": [
    43.7750934,
    23.7293313
  ],