{
 "n": 4470,
 "n_overrun": 289,
 "base_rate": 0.06465324384787471,
 "risk_roc_auc": 0.6365673019070452,
 "risk_pr_auc": 0.13812884980921403,
 "pr_auc_baseline": 0.06465324384787471,
 "days_mae": 123.15098244400379,
 "days_mae_baseline": 117.42560553633218,
 "n_positives": 289,
 "features": [
  "category",
  "log_value",
  "region",
  "start_month",
  "planned_days",
  "is_repair",
  "n_tenderers"
 ],
 "importance": {
  "log_value": 3307,
  "planned_days": 3193,
  "start_month": 1198,
  "region": 684,
  "category": 446,
  "is_repair": 172,
  "n_tenderers": 0
 }
}